"ui-search-link href","ui-search-result-image__element src","ui-search-item__title","price-tag-text-sr-only","price-tag-fraction","ui-search-item__promise__text","ui-search-icon href","ui-search-icon href 6"
"https://click1.mercadolibre.com.ar/mclics/clicks/external/MLA/count?a=tzZ7nlLDC%2FPAns5y1YfrSJg%2Bc2tQabIgpLIITUQExbe98mItmfO8OV%2BhyEo4cAnhTVnEDdNrymjbgCYULitwexd%2F9TMv%2FAiKQOZt%2FfYoTcId14zw4xwSfM3HTX%2Bw68%2FR4qFGQ8NJYoQPOngnDDovPwQIWaJjkkzbEEIKcTsdPw%2FsvRB3RZHqMGs5BqcG213g3xZPrndFAbmDBQG0a7QUxV0xnoHBN2Sff2bPvvvLOgFc7sSFdssGdXbPr0U7ZHouFhLUW4uwI8yPTaSrrRUu%2FLMvI50x0spyakcbeTT6gr2q3VjTNoNQiP9mxrHZkPAQpCRfwfAKM%2FSiIth71qQYsaoxogB8CQ%2BjTESvwXZLcrTM3cjgYYf6RyB9Zm7d%2FIG%2Bpve9E8SnJpUAh1nOnFbOl6h31FnL%2BqPjxCd4vDzjSS0dTcSgk2lhYztFO8suq1MGAvBA%2BXx3Rx36Yjof7GipV%2B8MfUTvStazU%2FysW0BN%2F96%2FZq%2Be7d%2FhyFv1ieJuNCSq0FUx%2BPRZ%2FJ0mxZDLzkrfLICArdksbkeUBnte54jjv6cRtDxag5f7Ktdj8csVcYcHBNca8qGBSZC9jSqttQulhcKzOa5ZAmzlAnu%2FirH0Gq5IZaJsTFuCdg25vQdAt8wdFvW0XEaqSdyQGQzpX6ibNXSR62cUp5OhAEvbye5eQVELepyiixflqdxoLZIXF7doxFeut%2BbK%2BpiAeLaw1fj7wmmQJ0aidruUAfr%2FUtgmTfvg3RL5epmGZ%2BLSc0gpqJ7RamG8NAbI4uiXlZTSadE%2BsJz1WoAjfdv43E%2FSY6EAPbDFlyWH3DXWq2W0g1k6CStQ&rb=x","https://http2.mlstatic.com/D_NQ_NP_713423-MLA49389319302_032022-V.webp","Pochoclera Maquina De Pochoclos Spica Sp-1820 Aire Caliente Color Rojo","Antes: 27000 pesos","27.000","Llega gratis hoy","[object Object]","[object Object]"
"https://articulo.mercadolibre.com.ar/MLA-675660125-olla-pochoclera-de-aluminio-5-l-para-pochoclos-dulces-y-salados-cuchara-medidora-_JM#position=11&search_layout=stack&type=item&tracking_id=d6df2c27-d963-4f8d-a156-6c60a98f30a7","https://http2.mlstatic.com/D_NQ_NP_850229-MLA43103704152_082020-V.webp","Olla Pochoclera De Aluminio 5 L Para Pochoclos Dulces Y Salados + Cuchara Medidora","3799 pesos","3.799","Llega hoy","[object Object]",""
"https://www.mercadolibre.com.ar/pochoclera-electrica-maquina-pochoclos-carrito-winco-w321-ep-color-rojo/p/MLA19589429#searchVariation=MLA19589429&position=2&search_layout=stack&type=product&tracking_id=d6df2c27-d963-4f8d-a156-6c60a98f30a7","https://http2.mlstatic.com/D_NQ_NP_668587-MLA52003254041_102022-V.webp","Pochoclera Electrica Maquina Pochoclos Carrito Winco W321 Ep Color Rojo","10137 pesos","10.137","Llega gratis mañana","[object Object]","[object Object]"
"https://articulo.mercadolibre.com.ar/MLA-864073285-olla-pochoclera-familiar-tapa-de-vidrio-cuchara-medidora-_JM#position=12&search_layout=stack&type=item&tracking_id=d6df2c27-d963-4f8d-a156-6c60a98f30a7","https://http2.mlstatic.com/D_NQ_NP_650775-MLA42325114455_062020-V.webp","Olla Pochoclera Familiar Tapa De Vidrio + Cuchara Medidora","4999 pesos","4.999","Llega hoy","[object Object]",""
"https://articulo.mercadolibre.com.ar/MLA-884668453-pochoclera-aluminio-con-2-bowls-y-vaso-medidor-_JM#position=13&search_layout=stack&type=item&tracking_id=d6df2c27-d963-4f8d-a156-6c60a98f30a7","https://http2.mlstatic.com/D_NQ_NP_783632-MLA48808539905_012022-V.webp","Pochoclera Aluminio Con 2 Bowls Y Vaso Medidor","4900 pesos","4.900","Llega hoy","[object Object]",""
"https://www.mercadolibre.com.ar/pochoclera-negra-gadnic-aire-caliente-1200-w/p/MLA19638556#searchVariation=MLA19638556&position=3&search_layout=stack&type=product&tracking_id=d6df2c27-d963-4f8d-a156-6c60a98f30a7","data:image/gif;base64,R0lGODlhAQABAIAAAAAAAP///yH5BAEAAAAALAAAAAABAAEAAAIBRAA7","Pochoclera Negra Gadnic Aire Caliente 1200 W","7999 pesos","7.999","Llega hoy","[object Object]","[object Object]"
"https://www.mercadolibre.com.ar/maquina-pochoclera-electrica-coccion-por-aire-caliente-full/p/MLA19755646#searchVariation=MLA19755646&position=4&search_layout=stack&type=product&tracking_id=d6df2c27-d963-4f8d-a156-6c60a98f30a7","data:image/gif;base64,R0lGODlhAQABAIAAAAAAAP///yH5BAEAAAAALAAAAAABAAEAAAIBRAA7","Maquina Pochoclera Electrica Coccion Por Aire Caliente Full","5329 pesos","5.329","Llega hoy","[object Object]","[object Object]"
"https://articulo.mercadolibre.com.ar/MLA-877770540-la-pochoclerita-fabrica-de-pochoclos-chica-cime-art-950-_JM#position=14&search_layout=stack&type=item&tracking_id=d6df2c27-d963-4f8d-a156-6c60a98f30a7","data:image/gif;base64,R0lGODlhAQABAIAAAAAAAP///yH5BAEAAAAALAAAAAABAAEAAAIBRAA7","La Pochoclerita Fabrica De Pochoclos Chica Cime Art 950","4409 pesos","4.409","Llega hoy","[object Object]",""
"https://click1.mercadolibre.com.ar/mclics/clicks/external/MLA/count?a=q%2BwOdW%2BSKP7my40%2FzAbR6v7P8alAqLiBIjQgbOE1a%2BcQbhghMw8q6XKnpUP5uVGYqBP7uqFmakoJ9mZLPAphtCPfnHxTLj4le0rm9JAr2a4XeTyhgUoP9tOuJqa8iMbXsuP7vkeroGBk0qijFSwBsxDOeIHjc4eLfD9%2BpB%2FLzaq2krZ0OLTP5WUQ3%2F95ed0cHVYFWLNCa4lQuaKogTgg1MKh1ROpqlFf5DkMacoPPA0DaV9lyaFfopbyM41jLMiA9Iq2%2FF0MMzl%2FIi7hynnRpml1ZE988dtXW7j0ezmHYeAbLRsafQz7bPm4CWIFv4I%2BHldlMz5kfreOBXo0Cg7jShCBL%2Bjg%2Bftf9Yg5sMX16goZvf0Q8ClIvrWKajQ36vvq%2FN%2FJi8eW8MzHsLhRYt1QaJQucNThEuU%2BN%2FZf6%2By%2Fnzq7dPLTAqSnOhA2u4UrOK538TSN4JVU046ANfkwfuwO1fiADjgOe9BKUHjNHSudFw59fivgSWjsOtX7QS88OhqiJdJiRRIDuC%2FWnSbBdR%2BnX0gy7aEGOHIl1IHy3qvIjB3NQJP2TyWmRh78GyRdSr68EoOTRZDN%2BQ5zpaoN%2Bg5pEBdSDflOjOjJjhKo2tHGq4l0wbnv49gV4wv3fNGSIwpixO9rt%2BXmAvXX%2FezpRo2HK3q2xqL1iwCA%2BXKPfKIoyAO2NyQ7J7eKSfBtwLs%3D&rb=x","data:image/gif;base64,R0lGODlhAQABAIAAAAAAAP///yH5BAEAAAAALAAAAAABAAEAAAIBRAA7","Pochocleras Carton Perlado X 1000 Lisas","11900 pesos","11.900","Llega gratis mañana","","[object Object]"
"https://click1.mercadolibre.com.ar/mclics/clicks/external/MLA/count?a=kwKMNGS1JqAB3wJsCQnm7CBJS8Z6AGFmrDV6G6SPg%2FyRJ4sR%2BYhBDelNRcrvqz5QjdZp6CKozaBNOlvKqPqRuPhIU6XHC3q7beRm9Eiq8orF5ehqEJAvj8VnVAZGhrTVZmgDS0GQbNePc%2F%2F1yn6LjOC2OzNpCGmZ3k1uvTeomn4mzWx%2Bf1IJysH0yVCX9r8yIAr2GR99SKHrw9HX3FYf3fZAPmQzaJvRZW8qwN4DRulNQISAetJSfPWZeAEM5rkEy8%2FffT0VjYa%2BIJNdeIjbua963cH1wTTAPtHJp6NNDGQL5M29%2B9eA4N3mP7EoQL%2F1KOBIaNYbAqdVIjpbXPyH9EY%2FEJSqZ2DX4LZMjwgTUpcw0%2FsVyq6ONAzduPCx5yjqEO8VHHSWHMOU6YIBApca%2FvELoELVgCIvl%2FjOml%2BsNxXsJJpr6Pc5VpLRYvenKFuoj9qwlOTeokGQtlcJwQfT7zMovVYnZf5XpiSAAcL4mzIhc2ZOJ48aVqnADotyIGiKAGy0zNkpmjJXRUea3jHnZTGFldI9VH3ZcelaYHZlkKBPqg4jvzIPvCaF9annL%2B0hdcbW27koZq7TUpBdoHB2lEiJHCCnm7byPuFtvnDRrZOv3QU5sDorb%2F%2FxLdT0YN%2F9eiPjV337ybtGt50m%2FdP5w3rr9ILEoGi%2BWmWet10qtgwIR2laPXHJag%3D%3D&rb=x","data:image/gif;base64,R0lGODlhAQABAIAAAAAAAP///yH5BAEAAAAALAAAAAABAAEAAAIBRAA7","Pochoclera Electrica Carrito Roja","7585 pesos","7.585","","","[object Object]"
"https://www.mercadolibre.com.ar/pochoclera-yelmo-po-3700-aire-caliente-celeste-1200w-220v/p/MLA15270222#searchVariation=MLA15270222&position=5&search_layout=stack&type=product&tracking_id=d6df2c27-d963-4f8d-a156-6c60a98f30a7","data:image/gif;base64,R0lGODlhAQABAIAAAAAAAP///yH5BAEAAAAALAAAAAABAAEAAAIBRAA7","Pochoclera Yelmo PO-3700 aire caliente celeste 1200W 220V","8990 pesos","8.990","Llega gratis hoy","[object Object]","[object Object]"
"https://articulo.mercadolibre.com.ar/MLA-1111815584-olla-pochoclera-antiadherente-jovifel-amalfitana-7-l-_JM#position=15&search_layout=stack&type=item&tracking_id=d6df2c27-d963-4f8d-a156-6c60a98f30a7","data:image/gif;base64,R0lGODlhAQABAIAAAAAAAP///yH5BAEAAAAALAAAAAABAAEAAAIBRAA7","Olla Pochoclera Antiadherente Jovifel Amalfitana 7 L","9119 pesos","9.119","Llega gratis hoy","[object Object]",""
"https://www.mercadolibre.com.ar/pochoclera-maquina-de-pochoclos-spica-sp-1820-aire-caliente-color-rojo/p/MLA19878404#searchVariation=MLA19878404&position=6&search_layout=stack&type=product&tracking_id=d6df2c27-d963-4f8d-a156-6c60a98f30a7","data:image/gif;base64,R0lGODlhAQABAIAAAAAAAP///yH5BAEAAAAALAAAAAABAAEAAAIBRAA7","Pochoclera Maquina De Pochoclos Spica Sp-1820 Aire Caliente Color Rojo","9699 pesos","9.699","Llega gratis hoy","[object Object]","[object Object]"
"https://articulo.mercadolibre.com.ar/MLA-1119007982-pochoclera-yelmo-po-3700-aire-caliente-celeste-1200w-_JM#position=16&search_layout=stack&type=item&tracking_id=d6df2c27-d963-4f8d-a156-6c60a98f30a7","data:image/gif;base64,R0lGODlhAQABAIAAAAAAAP///yH5BAEAAAAALAAAAAABAAEAAAIBRAA7","Pochoclera Yelmo Po-3700 Aire Caliente Celeste 1200w","8990 pesos","8.990","Llega gratis hoy","[object Object]",""
"https://articulo.mercadolibre.com.ar/MLA-829968640-olla-pochoclera-tramontina-aluminio-interior-antiadherente-4-_JM#position=17&search_layout=stack&type=item&tracking_id=d6df2c27-d963-4f8d-a156-6c60a98f30a7","data:image/gif;base64,R0lGODlhAQABAIAAAAAAAP///yH5BAEAAAAALAAAAAABAAEAAAIBRAA7","Olla Pochoclera Tramontina Aluminio Interior Antiadherente 4","9490 pesos","9.490","Llega gratis hoy","[object Object]",""
"https://articulo.mercadolibre.com.ar/MLA-617899568-pochoclera-familiar-olla-aluminio-pop-corn-grande-balvanera-_JM#position=18&search_layout=stack&type=item&tracking_id=d6df2c27-d963-4f8d-a156-6c60a98f30a7","data:image/gif;base64,R0lGODlhAQABAIAAAAAAAP///yH5BAEAAAAALAAAAAABAAEAAAIBRAA7","Pochoclera Familiar Olla Aluminio Pop Corn Grande, Balvanera","3795 pesos","3.795","Llega mañana","[object Object]",""
"https://articulo.mercadolibre.com.ar/MLA-644165729-carrito-pochoclo-electrico-pochoclera-facil-uso-envio-gratis-_JM#position=21&search_layout=stack&type=item&tracking_id=d6df2c27-d963-4f8d-a156-6c60a98f30a7","data:image/gif;base64,R0lGODlhAQABAIAAAAAAAP///yH5BAEAAAAALAAAAAABAAEAAAIBRAA7","Carrito Pochoclo Electrico Pochoclera Facil Uso Envio Gratis","15899 pesos","15.899","Llega gratis hoy","[object Object]",""
"https://articulo.mercadolibre.com.ar/MLA-864081982-olla-pochoclera-familiar-tapa-de-vidrio-cuchara-medidora-_JM#position=22&search_layout=stack&type=item&tracking_id=d6df2c27-d963-4f8d-a156-6c60a98f30a7","data:image/gif;base64,R0lGODlhAQABAIAAAAAAAP///yH5BAEAAAAALAAAAAABAAEAAAIBRAA7","Olla Pochoclera Familiar Tapa De Vidrio + Cuchara Medidora","6999 pesos","6.999","Llega hoy","[object Object]",""
"https://click1.mercadolibre.com.ar/mclics/clicks/external/MLA/count?a=psWcpG%2BuaoIE51NHPtrEly8mo4xFGqaXlJJhxSrKDheIofvxjMFR9OpWe31Y%2BQePc%2Bl6vYt2lJsWvUXsPN1A7cBahLKUB6vHTG4W9U79TBziNbo8oJpi9vluimSZJGg0GWrDhPzVKY5Rk%2B6uVcMKHhh4s1hFAQRrlY5QniiP5EVUWpn9dJRuLqlzy7x42NefK6%2FI14LBef7KILnPpGtEHbTuao4rKz3cs9ynsZGo4GEKIg7LgIVjQxLN1SXQI0yUVneD3mHsMBV8d8i8pNuiII9LUlfOtqrz%2BoBeURGdgkFKVoE0aJ6oXJd%2BupOmmVvj5JUSuAkNYuJWfhirYGfvzg%2BHnW0JK%2F1dLD46RO1NiI8xRG81D%2B7xVaV4mEh%2FrIT7BP%2BWcQSEqVPPJvPEIN69EmCevBCBsuGUYeyX6JVbyOBAuHrcSlP2nmbz1qw3TtaOcnDkrcbp%2BJ3MiMvj4jbAKlvQ1ehJ3BNQdoEAGk6NNjj%2B2pw%2Bvdw2N%2BhjY1p7gAV63zpa%2FTff53SLpR90bTWkxd%2FRS0zG1P7EQddGOmd%2BscOnBtZHAeJApfK6mumMPurOWG4zut0oaFh2p04R1Ta51cbvXwS9XsuEXE3RWk%2Bhy2MswKIswNnnLuI3ICl2svpeA%2FVvUAk35Lsq239DqgUspRjOW0AVxAQnnluBsfb14e4lRWtBHWHQNdnolQ%3D%3D&rb=x","data:image/gif;base64,R0lGODlhAQABAIAAAAAAAP///yH5BAEAAAAALAAAAAABAAEAAAIBRAA7","Pochocleras Carton Perlado X 500 Unid","5900 pesos","5.900","Llega mañana","","[object Object]"
"https://click1.mercadolibre.com.ar/mclics/clicks/external/MLA/count?a=NcIxDY9XNNp14mvDn7h4V9iGjY%2BmybjqX5YQXh%2FivzKJ2Sk03qx9vAYyaD%2FYGXCxu2bdIBTtTS82J1AuDDlGUeY0YYZ%2ByrtS04hhKsjcHiv2pn0QzxZb1LQvmSg%2FwNuGn7BlCmIFxJGqnL2PMBqrf%2FU5x1Oumjnvs1KiW9hPoyf25xppyoSBTp0tnFR06SIbQdI9IgVIJKBdJqliw%2Fg1bTxE%2Fj8jQnREG4vpZDN9Ipe8Cac0dG1v8%2FKN8rQj131eXzhr%2B7MKbqoVds2zlW0%2BpudDt%2BGrrU3anWBiAIq6Gki02zl%2Bf%2FPiwOPMC8I6qt2ufFfScRf%2Fq6OjNe%2ByYtzSQ%2BUKPzIxQjD7uD9VHEDctalcDHRu0PFs3UvuQE%2BoHITAHRqGVZlSXKp5nZzLmWgxjPeApM8TjR4XUjM%2F7w0lDuDYiydpDQ1msiyE6Ih8RHliqslkqu5opfpeQI6B%2FXBBTuxQkNG6c6qJdYBNVbf2RQXt%2F5nFqjvIZqMfODbNZmNgem8DRzCsZq5vCZi3uh7idQxlyQ%2B5%2BHE2lSkXpERqEt%2Fph6x0mmJYG01DfxVA9i1nRSWUYBG8bklOh8hf25G7YDulOutYCec39RD5Ir3FUcvvCI4EhjkhOAnKkgyPbf6PmVqZW8p3iFqnTimII0rGc8HyuoIglzlElPBw4HHDQyGduw%3D%3D&rb=x","data:image/gif;base64,R0lGODlhAQABAIAAAAAAAP///yH5BAEAAAAALAAAAAABAAEAAAIBRAA7","Pochoclera Minions Cine 2022","4638 pesos","4.638","Llega hoy","","[object Object]"
"https://articulo.mercadolibre.com.ar/MLA-862993592-pochoclera-marca-yelmo-modelo-po-3700-_JM#position=23&search_layout=stack&type=item&tracking_id=d6df2c27-d963-4f8d-a156-6c60a98f30a7","data:image/gif;base64,R0lGODlhAQABAIAAAAAAAP///yH5BAEAAAAALAAAAAABAAEAAAIBRAA7","Pochoclera Marca Yelmo Modelo Po-3700","14599 pesos","14.599","Llega gratis hoy","[object Object]",""
"https://articulo.mercadolibre.com.ar/MLA-885040009-olla-pochoclera-familiar-tapa-de-vidrio-y-cuchara-medidora-_JM#position=24&search_layout=stack&type=item&tracking_id=d6df2c27-d963-4f8d-a156-6c60a98f30a7","data:image/gif;base64,R0lGODlhAQABAIAAAAAAAP///yH5BAEAAAAALAAAAAABAAEAAAIBRAA7","Olla Pochoclera Familiar Tapa De Vidrio Y Cuchara Medidora","10499 pesos","10.499","Llega gratis hoy","[object Object]",""
"https://www.mercadolibre.com.ar/pochoclera-electrica-maquina-pochoclos-sin-aceite-winco-w320/p/MLA19727640#searchVariation=MLA19727640&position=7&search_layout=stack&type=product&tracking_id=d6df2c27-d963-4f8d-a156-6c60a98f30a7","data:image/gif;base64,R0lGODlhAQABAIAAAAAAAP///yH5BAEAAAAALAAAAAABAAEAAAIBRAA7","Pochoclera Electrica Maquina Pochoclos Sin Aceite Winco W320","6269 pesos","6.269","Llega hoy","[object Object]","[object Object]"
"https://articulo.mercadolibre.com.ar/MLA-1327107826-pochoclera-aluminio-con-2-bowls-y-vaso-medidor-_JM#position=25&search_layout=stack&type=item&tracking_id=d6df2c27-d963-4f8d-a156-6c60a98f30a7","data:image/gif;base64,R0lGODlhAQABAIAAAAAAAP///yH5BAEAAAAALAAAAAABAAEAAAIBRAA7","Pochoclera Aluminio Con 2 Bowls Y Vaso Medidor","4900 pesos","4.900","Llega hoy","[object Object]",""
"https://articulo.mercadolibre.com.ar/MLA-872459798-olla-pochoclera-familiar-aluminio-5-litros-pochoclos-dulces-_JM#position=26&search_layout=stack&type=item&tracking_id=d6df2c27-d963-4f8d-a156-6c60a98f30a7","data:image/gif;base64,R0lGODlhAQABAIAAAAAAAP///yH5BAEAAAAALAAAAAABAAEAAAIBRAA7","Olla Pochoclera Familiar Aluminio 5 Litros Pochoclos Dulces","4999 pesos","4.999","Llega hoy","[object Object]",""
"https://articulo.mercadolibre.com.ar/MLA-910003143-pochoclera-electrica-maquina-pochoclos-carrito-winco-w321-ep-_JM#position=27&search_layout=stack&type=item&tracking_id=d6df2c27-d963-4f8d-a156-6c60a98f30a7","data:image/gif;base64,R0lGODlhAQABAIAAAAAAAP///yH5BAEAAAAALAAAAAABAAEAAAIBRAA7","Pochoclera Electrica Maquina Pochoclos Carrito Winco W321 Ep","10599 pesos","10.599","Llega gratis hoy","[object Object]",""
"https://articulo.mercadolibre.com.ar/MLA-907913477-pochoclera-electrica-winco-w-231-carrito-sin-aceite-original-_JM#position=28&search_layout=stack&type=item&tracking_id=d6df2c27-d963-4f8d-a156-6c60a98f30a7","data:image/gif;base64,R0lGODlhAQABAIAAAAAAAP///yH5BAEAAAAALAAAAAABAAEAAAIBRAA7","Pochoclera Electrica Winco W-231 Carrito Sin Aceite Original","14896 pesos","14.896","Llega gratis hoy","[object Object]",""
"https://articulo.mercadolibre.com.ar/MLA-868415596-pochoclera-electrica-nostalgia-retro-vintage-popcorn-_JM#position=29&search_layout=stack&type=item&tracking_id=d6df2c27-d963-4f8d-a156-6c60a98f30a7","data:image/gif;base64,R0lGODlhAQABAIAAAAAAAP///yH5BAEAAAAALAAAAAABAAEAAAIBRAA7","Pochoclera Eléctrica Nostalgia Retro Vintage Popcorn.","18546 pesos","18.546","Llega gratis hoy","[object Object]",""
"https://articulo.mercadolibre.com.ar/MLA-1214851704-maquina-pochoclera-1200w-listo-en-3-minutos-por-aire-_JM#position=30&search_layout=stack&type=item&tracking_id=d6df2c27-d963-4f8d-a156-6c60a98f30a7","data:image/gif;base64,R0lGODlhAQABAIAAAAAAAP///yH5BAEAAAAALAAAAAABAAEAAAIBRAA7","Maquina Pochoclera 1200w Listo En 3 Minutos Por Aire","4894 pesos","4.894","Llega hoy","[object Object]",""
"https://articulo.mercadolibre.com.ar/MLA-1103902753-pochoclera-familiar-cime-olla-de-aluminio-5l-_JM#position=31&search_layout=stack&type=item&tracking_id=d6df2c27-d963-4f8d-a156-6c60a98f30a7","data:image/gif;base64,R0lGODlhAQABAIAAAAAAAP///yH5BAEAAAAALAAAAAABAAEAAAIBRAA7","Pochoclera Familiar Cime Olla De Aluminio 5l","4600 pesos","4.600","Llega hoy","[object Object]",""
"https://articulo.mercadolibre.com.ar/MLA-1131172772-pochoclera-electrica-1200w-gadnic-220-v-aire-caliente-_JM#position=32&search_layout=stack&type=item&tracking_id=d6df2c27-d963-4f8d-a156-6c60a98f30a7","data:image/gif;base64,R0lGODlhAQABAIAAAAAAAP///yH5BAEAAAAALAAAAAABAAEAAAIBRAA7","Pochoclera Electrica 1200w Gadnic 220 V Aire Caliente","9699 pesos","9.699","Llega gratis hoy","[object Object]",""
"https://articulo.mercadolibre.com.ar/MLA-738883250-olla-pochoclera-aluminio-cime-familiar-pochoclos-pop-corn-_JM#position=33&search_layout=stack&type=item&tracking_id=d6df2c27-d963-4f8d-a156-6c60a98f30a7","data:image/gif;base64,R0lGODlhAQABAIAAAAAAAP///yH5BAEAAAAALAAAAAABAAEAAAIBRAA7","Olla Pochoclera  Aluminio Cime Familiar Pochoclos Pop Corn","4499 pesos","4.499","Llega hoy","[object Object]",""
"https://articulo.mercadolibre.com.ar/MLA-920020754-pochoclera-winco-w321-electrica-maquina-para-pochoclos-aire-_JM#position=34&search_layout=stack&type=item&tracking_id=d6df2c27-d963-4f8d-a156-6c60a98f30a7","data:image/gif;base64,R0lGODlhAQABAIAAAAAAAP///yH5BAEAAAAALAAAAAABAAEAAAIBRAA7","Pochoclera Winco W321 Electrica Maquina Para Pochoclos Aire","10999 pesos","10.999","Llega gratis hoy","[object Object]",""
"https://articulo.mercadolibre.com.ar/MLA-898111146-pochoclera-silicona-olla-pop-corn-para-microondas-4-minutos-_JM#position=35&search_layout=stack&type=item&tracking_id=d6df2c27-d963-4f8d-a156-6c60a98f30a7","data:image/gif;base64,R0lGODlhAQABAIAAAAAAAP///yH5BAEAAAAALAAAAAABAAEAAAIBRAA7","Pochoclera Silicona Olla Pop Corn Para Microondas 4 Minutos","4340 pesos","4.340","Llega hoy","[object Object]",""
"https://articulo.mercadolibre.com.ar/MLA-1150763779-pochoclera-electrica-maquina-de-pochoclos-carrito-retro-220v-_JM#position=36&search_layout=stack&type=item&tracking_id=d6df2c27-d963-4f8d-a156-6c60a98f30a7","data:image/gif;base64,R0lGODlhAQABAIAAAAAAAP///yH5BAEAAAAALAAAAAABAAEAAAIBRAA7","Pochoclera Eléctrica Maquina De Pochoclos Carrito Retro 220v","12899 pesos","12.899","Llega gratis hoy","[object Object]",""
"https://articulo.mercadolibre.com.ar/MLA-1137540474-pochoclera-retro-popcorn-maker-blanca-vintage-retro-oferta-_JM#position=37&search_layout=stack&type=item&tracking_id=d6df2c27-d963-4f8d-a156-6c60a98f30a7","data:image/gif;base64,R0lGODlhAQABAIAAAAAAAP///yH5BAEAAAAALAAAAAABAAEAAAIBRAA7","Pochoclera Retro Popcorn Maker Blanca Vintage Retro Oferta!","10999 pesos","10.999","Llega gratis hoy","[object Object]",""
"https://www.mercadolibre.com.ar/pochoclera-ultracomb-po-2702-aire-caliente-roja-850w-220v/p/MLA15273779#searchVariation=MLA15273779&position=8&search_layout=stack&type=product&tracking_id=d6df2c27-d963-4f8d-a156-6c60a98f30a7","data:image/gif;base64,R0lGODlhAQABAIAAAAAAAP///yH5BAEAAAAALAAAAAABAAEAAAIBRAA7","Pochoclera Ultracomb PO-2702 aire caliente roja 850W 220V","18690 pesos","18.690","Llega gratis hoy","[object Object]","[object Object]"
"https://articulo.mercadolibre.com.ar/MLA-909518696-pochoclera-pororo-olla-aluminio-con-teflon-36-lts-mta-_JM#position=38&search_layout=stack&type=item&tracking_id=d6df2c27-d963-4f8d-a156-6c60a98f30a7","data:image/gif;base64,R0lGODlhAQABAIAAAAAAAP///yH5BAEAAAAALAAAAAABAAEAAAIBRAA7","Pochoclera Pororó Olla Aluminio Con Teflón 3.6 Lts. Mta","9899 pesos","9.899","Llega gratis hoy","[object Object]",""
"https://articulo.mercadolibre.com.ar/MLA-828964776-pochoclera-electrica-yelmo-aire-caliente-en-minutos-1200w-_JM#position=39&search_layout=stack&type=item&tracking_id=d6df2c27-d963-4f8d-a156-6c60a98f30a7","data:image/gif;base64,R0lGODlhAQABAIAAAAAAAP///yH5BAEAAAAALAAAAAABAAEAAAIBRAA7","Pochoclera Eléctrica Yelmo Aire Caliente En Minutos 1200w","9790 pesos","9.790","Llega gratis hoy","[object Object]",""
"https://articulo.mercadolibre.com.ar/MLA-690653374-olla-pochoclera-aluminio-hogarena-para-pochoclos-pop-corn-_JM#position=40&search_layout=stack&type=item&tracking_id=d6df2c27-d963-4f8d-a156-6c60a98f30a7","data:image/gif;base64,R0lGODlhAQABAIAAAAAAAP///yH5BAEAAAAALAAAAAABAAEAAAIBRAA7","Olla Pochoclera Aluminio Hogareña Para Pochoclos Pop Corn","4257 pesos","4.257","Llega hoy","[object Object]",""
"https://articulo.mercadolibre.com.ar/MLA-689363153-pochoclera-olla-aluminio-ramos-para-pochoclos-pop-corn-_JM#position=41&search_layout=stack&type=item&tracking_id=d6df2c27-d963-4f8d-a156-6c60a98f30a7","data:image/gif;base64,R0lGODlhAQABAIAAAAAAAP///yH5BAEAAAAALAAAAAABAAEAAAIBRAA7","Pochoclera Olla Aluminio Ramos Para Pochoclos Pop Corn","4838 pesos","4.838","Llega hoy","[object Object]",""
"https://articulo.mercadolibre.com.ar/MLA-908600554-pochoclera-electrica-maquina-pochoclos-sin-aceite-winco-w320-_JM#position=42&search_layout=stack&type=item&tracking_id=d6df2c27-d963-4f8d-a156-6c60a98f30a7","data:image/gif;base64,R0lGODlhAQABAIAAAAAAAP///yH5BAEAAAAALAAAAAABAAEAAAIBRAA7","Pochoclera Electrica Maquina Pochoclos Sin Aceite Winco W320","6199 pesos","6.199","Llega hoy","[object Object]",""
"https://articulo.mercadolibre.com.ar/MLA-800406818-olla-pochoclera-de-aluminio-5-l-para-pochoclos-dulces-y-salados-medidor-_JM#position=43&search_layout=stack&type=item&tracking_id=d6df2c27-d963-4f8d-a156-6c60a98f30a7","data:image/gif;base64,R0lGODlhAQABAIAAAAAAAP///yH5BAEAAAAALAAAAAABAAEAAAIBRAA7","Olla Pochoclera De Aluminio 5 L Para Pochoclos Dulces Y Salados + Medidor","3514 pesos","3.514","Llega hoy","[object Object]",""
"https://articulo.mercadolibre.com.ar/MLA-851556348-pochoclera-yelmo-electrica-saceite-en-minutos-1200w-po3700-_JM#position=44&search_layout=stack&type=item&tracking_id=d6df2c27-d963-4f8d-a156-6c60a98f30a7","data:image/gif;base64,R0lGODlhAQABAIAAAAAAAP///yH5BAEAAAAALAAAAAABAAEAAAIBRAA7","Pochoclera Yelmo Eléctrica S/aceite En Minutos 1200w Po3700","9499 pesos","9.499","Llega gratis hoy","[object Object]",""
"https://articulo.mercadolibre.com.ar/MLA-916236523-olla-pochoclera-antiadherente-jovifel-amalfitana-7-litros-_JM#position=45&search_layout=stack&type=item&tracking_id=d6df2c27-d963-4f8d-a156-6c60a98f30a7","data:image/gif;base64,R0lGODlhAQABAIAAAAAAAP///yH5BAEAAAAALAAAAAABAAEAAAIBRAA7","Olla Pochoclera Antiadherente Jovifel Amalfitana 7 Litros","12299 pesos","12.299","Llega gratis hoy","[object Object]",""
"https://articulo.mercadolibre.com.ar/MLA-752704998-pochoclera-yelmo-po3700-1200w-sin-grasa-en-4-minutos-_JM#position=46&search_layout=stack&type=item&tracking_id=d6df2c27-d963-4f8d-a156-6c60a98f30a7","data:image/gif;base64,R0lGODlhAQABAIAAAAAAAP///yH5BAEAAAAALAAAAAABAAEAAAIBRAA7","Pochoclera Yelmo Po3700 1200w Sin Grasa En 4 Minutos","9407 pesos","9.407","Llega gratis hoy","[object Object]",""
"https://articulo.mercadolibre.com.ar/MLA-910002338-pochoclera-electrica-maquina-pochoclos-carrito-winco-w321-to-_JM#position=47&search_layout=stack&type=item&tracking_id=d6df2c27-d963-4f8d-a156-6c60a98f30a7","data:image/gif;base64,R0lGODlhAQABAIAAAAAAAP///yH5BAEAAAAALAAAAAABAAEAAAIBRAA7","Pochoclera Electrica Maquina Pochoclos Carrito Winco W321 To","11499 pesos","11.499","Llega gratis hoy","[object Object]",""
"https://articulo.mercadolibre.com.ar/MLA-769284993-pochoclera-familiar-popcorn-pochoclos-olla-aluminio-en-caja-_JM#position=48&search_layout=stack&type=item&tracking_id=d6df2c27-d963-4f8d-a156-6c60a98f30a7","data:image/gif;base64,R0lGODlhAQABAIAAAAAAAP///yH5BAEAAAAALAAAAAABAAEAAAIBRAA7","Pochoclera Familiar Popcorn Pochoclos Olla Aluminio En Caja","3973 pesos","3.973","Llega hoy","[object Object]",""
"https://articulo.mercadolibre.com.ar/MLA-646702916-pochoclera-electrica-con-carrito-facil-uso-estilo-quilmes-_JM#position=49&search_layout=stack&type=item&tracking_id=d6df2c27-d963-4f8d-a156-6c60a98f30a7","data:image/gif;base64,R0lGODlhAQABAIAAAAAAAP///yH5BAEAAAAALAAAAAABAAEAAAIBRAA7","Pochoclera Electrica Con Carrito Facil Uso Estilo Quilmes","11999 pesos","11.999","Llega gratis hoy","[object Object]",""
"https://articulo.mercadolibre.com.ar/MLA-1133425680-10-cajitas-pochocleras-desartables-color-pastel-cotillon-_JM#position=50&search_layout=stack&type=item&tracking_id=d6df2c27-d963-4f8d-a156-6c60a98f30a7","data:image/gif;base64,R0lGODlhAQABAIAAAAAAAP///yH5BAEAAAAALAAAAAABAAEAAAIBRAA7","10 Cajitas Pochocleras Desartables Color Pastel Cotillon","850 pesos","850","Llega hoy","[object Object]",""
"https://articulo.mercadolibre.com.ar/MLA-629897526-pochoclera-familiar-de-aluminio-olla-20-cm-pochoclos-cime-tv-_JM#position=51&search_layout=stack&type=item&tracking_id=d6df2c27-d963-4f8d-a156-6c60a98f30a7","data:image/gif;base64,R0lGODlhAQABAIAAAAAAAP///yH5BAEAAAAALAAAAAABAAEAAAIBRAA7","Pochoclera Familiar De Aluminio Olla 20 Cm Pochoclos Cime Tv","3794 pesos","3.794","Llega hoy","[object Object]",""
"https://articulo.mercadolibre.com.ar/MLA-883709542-olla-pochoclera-tramontina-aluminio-antiadherente-22cm-48-l-_JM#position=52&search_layout=stack&type=item&tracking_id=d6df2c27-d963-4f8d-a156-6c60a98f30a7","data:image/gif;base64,R0lGODlhAQABAIAAAAAAAP///yH5BAEAAAAALAAAAAABAAEAAAIBRAA7","Olla Pochoclera Tramontina Aluminio Antiadherente 22cm 4,8 L","18589 pesos","18.589","Llega gratis hoy","[object Object]",""
"https://articulo.mercadolibre.com.ar/MLA-1137910727-pochoclera-electrica-pochoclos-aire-caliente-1100w-cine-_JM#position=53&search_layout=stack&type=item&tracking_id=d6df2c27-d963-4f8d-a156-6c60a98f30a7","data:image/gif;base64,R0lGODlhAQABAIAAAAAAAP///yH5BAEAAAAALAAAAAABAAEAAAIBRAA7","Pochoclera Electrica Pochoclos Aire Caliente 1100w Cine","8599 pesos","8.599","Llega gratis hoy","[object Object]",""
"https://articulo.mercadolibre.com.ar/MLA-908071772-pochoclera-electrica-con-carrito-facil-uso-sin-aceite-_JM#position=54&search_layout=stack&type=item&tracking_id=d6df2c27-d963-4f8d-a156-6c60a98f30a7","data:image/gif;base64,R0lGODlhAQABAIAAAAAAAP///yH5BAEAAAAALAAAAAABAAEAAAIBRAA7","Pochoclera Electrica Con Carrito Fácil Uso Sin Aceite","12649 pesos","12.649","Llega gratis hoy","[object Object]",""
"https://articulo.mercadolibre.com.ar/MLA-630658546-pochoclera-electrica-con-carrito-facil-uso-estilo-quilmes-_JM#position=55&search_layout=stack&type=item&tracking_id=d6df2c27-d963-4f8d-a156-6c60a98f30a7","data:image/gif;base64,R0lGODlhAQABAIAAAAAAAP///yH5BAEAAAAALAAAAAABAAEAAAIBRAA7","Pochoclera Electrica Con Carrito Facil Uso Estilo Quilmes","6269 pesos","6.269","Llega hoy","[object Object]",""
"https://www.mercadolibre.com.ar/pochoclera-negra-gadnic-aire-caliente-1200-w/p/MLA19638556#searchVariation=MLA19638556&position=3&search_layout=stack&type=product&tracking_id=d6df2c27-d963-4f8d-a156-6c60a98f30a7","https://http2.mlstatic.com/D_NQ_NP_816327-MLA51444769272_092022-V.webp","Pochoclera Negra Gadnic Aire Caliente 1200 W","7999 pesos","7.999","Llega hoy","[object Object]","[object Object]"
"https://www.mercadolibre.com.ar/maquina-pochoclera-electrica-coccion-por-aire-caliente-full/p/MLA19755646#searchVariation=MLA19755646&position=4&search_layout=stack&type=product&tracking_id=d6df2c27-d963-4f8d-a156-6c60a98f30a7","https://http2.mlstatic.com/D_NQ_NP_704404-MLA52161515758_102022-V.webp","Maquina Pochoclera Electrica Coccion Por Aire Caliente Full","5329 pesos","5.329","Llega hoy","[object Object]","[object Object]"
"https://articulo.mercadolibre.com.ar/MLA-877770540-la-pochoclerita-fabrica-de-pochoclos-chica-cime-art-950-_JM#position=14&search_layout=stack&type=item&tracking_id=d6df2c27-d963-4f8d-a156-6c60a98f30a7","https://http2.mlstatic.com/D_NQ_NP_848552-MLA43420665774_092020-V.webp","La Pochoclerita Fabrica De Pochoclos Chica Cime Art 950","4409 pesos","4.409","Llega hoy","[object Object]",""
"https://click1.mercadolibre.com.ar/mclics/clicks/external/MLA/count?a=q%2BwOdW%2BSKP7my40%2FzAbR6v7P8alAqLiBIjQgbOE1a%2BcQbhghMw8q6XKnpUP5uVGYqBP7uqFmakoJ9mZLPAphtCPfnHxTLj4le0rm9JAr2a4XeTyhgUoP9tOuJqa8iMbXsuP7vkeroGBk0qijFSwBsxDOeIHjc4eLfD9%2BpB%2FLzaq2krZ0OLTP5WUQ3%2F95ed0cHVYFWLNCa4lQuaKogTgg1MKh1ROpqlFf5DkMacoPPA0DaV9lyaFfopbyM41jLMiA9Iq2%2FF0MMzl%2FIi7hynnRpml1ZE988dtXW7j0ezmHYeAbLRsafQz7bPm4CWIFv4I%2BHldlMz5kfreOBXo0Cg7jShCBL%2Bjg%2Bftf9Yg5sMX16goZvf0Q8ClIvrWKajQ36vvq%2FN%2FJi8eW8MzHsLhRYt1QaJQucNThEuU%2BN%2FZf6%2By%2Fnzq7dPLTAqSnOhA2u4UrOK538TSN4JVU046ANfkwfuwO1fiADjgOe9BKUHjNHSudFw59fivgSWjsOtX7QS88OhqiJdJiRRIDuC%2FWnSbBdR%2BnX0gy7aEGOHIl1IHy3qvIjB3NQJP2TyWmRh78GyRdSr68EoOTRZDN%2BQ5zpaoN%2Bg5pEBdSDflOjOjJjhKo2tHGq4l0wbnv49gV4wv3fNGSIwpixO9rt%2BXmAvXX%2FezpRo2HK3q2xqL1iwCA%2BXKPfKIoyAO2NyQ7J7eKSfBtwLs%3D&rb=x","https://http2.mlstatic.com/D_NQ_NP_783058-MLA46595105617_072021-V.webp","Pochocleras Carton Perlado X 1000 Lisas","11900 pesos","11.900","Llega gratis mañana","","[object Object]"
"https://click1.mercadolibre.com.ar/mclics/clicks/external/MLA/count?a=kwKMNGS1JqAB3wJsCQnm7CBJS8Z6AGFmrDV6G6SPg%2FyRJ4sR%2BYhBDelNRcrvqz5QjdZp6CKozaBNOlvKqPqRuPhIU6XHC3q7beRm9Eiq8orF5ehqEJAvj8VnVAZGhrTVZmgDS0GQbNePc%2F%2F1yn6LjOC2OzNpCGmZ3k1uvTeomn4mzWx%2Bf1IJysH0yVCX9r8yIAr2GR99SKHrw9HX3FYf3fZAPmQzaJvRZW8qwN4DRulNQISAetJSfPWZeAEM5rkEy8%2FffT0VjYa%2BIJNdeIjbua963cH1wTTAPtHJp6NNDGQL5M29%2B9eA4N3mP7EoQL%2F1KOBIaNYbAqdVIjpbXPyH9EY%2FEJSqZ2DX4LZMjwgTUpcw0%2FsVyq6ONAzduPCx5yjqEO8VHHSWHMOU6YIBApca%2FvELoELVgCIvl%2FjOml%2BsNxXsJJpr6Pc5VpLRYvenKFuoj9qwlOTeokGQtlcJwQfT7zMovVYnZf5XpiSAAcL4mzIhc2ZOJ48aVqnADotyIGiKAGy0zNkpmjJXRUea3jHnZTGFldI9VH3ZcelaYHZlkKBPqg4jvzIPvCaF9annL%2B0hdcbW27koZq7TUpBdoHB2lEiJHCCnm7byPuFtvnDRrZOv3QU5sDorb%2F%2FxLdT0YN%2F9eiPjV337ybtGt50m%2FdP5w3rr9ILEoGi%2BWmWet10qtgwIR2laPXHJag%3D%3D&rb=x","https://http2.mlstatic.com/D_NQ_NP_830627-MLA54118797509_032023-V.webp","Pochoclera Electrica Carrito Roja","7585 pesos","7.585","","","[object Object]"
"https://www.mercadolibre.com.ar/pochoclera-yelmo-po-3700-aire-caliente-celeste-1200w-220v/p/MLA15270222#searchVariation=MLA15270222&position=5&search_layout=stack&type=product&tracking_id=d6df2c27-d963-4f8d-a156-6c60a98f30a7","https://http2.mlstatic.com/D_NQ_NP_670699-MLA51055967039_082022-V.webp","Pochoclera Yelmo PO-3700 aire caliente celeste 1200W 220V","8990 pesos","8.990","Llega gratis hoy","[object Object]","[object Object]"
"https://articulo.mercadolibre.com.ar/MLA-1111815584-olla-pochoclera-antiadherente-jovifel-amalfitana-7-l-_JM#position=15&search_layout=stack&type=item&tracking_id=d6df2c27-d963-4f8d-a156-6c60a98f30a7","https://http2.mlstatic.com/D_NQ_NP_762737-MLA48184065057_112021-V.webp","Olla Pochoclera Antiadherente Jovifel Amalfitana 7 L","9119 pesos","9.119","Llega gratis hoy","[object Object]",""
"https://www.mercadolibre.com.ar/pochoclera-maquina-de-pochoclos-spica-sp-1820-aire-caliente-color-rojo/p/MLA19878404#searchVariation=MLA19878404&position=6&search_layout=stack&type=product&tracking_id=d6df2c27-d963-4f8d-a156-6c60a98f30a7","https://http2.mlstatic.com/D_NQ_NP_713423-MLA49389319302_032022-V.webp","Pochoclera Maquina De Pochoclos Spica Sp-1820 Aire Caliente Color Rojo","9699 pesos","9.699","Llega gratis hoy","[object Object]","[object Object]"
"https://articulo.mercadolibre.com.ar/MLA-1119007982-pochoclera-yelmo-po-3700-aire-caliente-celeste-1200w-_JM#position=16&search_layout=stack&type=item&tracking_id=d6df2c27-d963-4f8d-a156-6c60a98f30a7","https://http2.mlstatic.com/D_NQ_NP_991315-MLA40164345229_122019-V.webp","Pochoclera Yelmo Po-3700 Aire Caliente Celeste 1200w","8990 pesos","8.990","Llega gratis hoy","[object Object]",""
"https://articulo.mercadolibre.com.ar/MLA-829968640-olla-pochoclera-tramontina-aluminio-interior-antiadherente-4-_JM#position=17&search_layout=stack&type=item&tracking_id=d6df2c27-d963-4f8d-a156-6c60a98f30a7","https://http2.mlstatic.com/D_NQ_NP_975084-MLA51621994888_092022-V.webp","Olla Pochoclera Tramontina Aluminio Interior Antiadherente 4","9490 pesos","9.490","Llega gratis hoy","[object Object]",""
"https://articulo.mercadolibre.com.ar/MLA-617899568-pochoclera-familiar-olla-aluminio-pop-corn-grande-balvanera-_JM#position=18&search_layout=stack&type=item&tracking_id=d6df2c27-d963-4f8d-a156-6c60a98f30a7","https://http2.mlstatic.com/D_NQ_NP_652454-MLA31996779676_082019-V.webp","Pochoclera Familiar Olla Aluminio Pop Corn Grande, Balvanera","3795 pesos","3.795","Llega mañana","[object Object]",""
"https://articulo.mercadolibre.com.ar/MLA-644165729-carrito-pochoclo-electrico-pochoclera-facil-uso-envio-gratis-_JM#position=21&search_layout=stack&type=item&tracking_id=d6df2c27-d963-4f8d-a156-6c60a98f30a7","https://http2.mlstatic.com/D_NQ_NP_824733-MLA51824552065_102022-V.webp","Carrito Pochoclo Electrico Pochoclera Facil Uso Envio Gratis","15899 pesos","15.899","Llega gratis hoy","[object Object]",""
"https://articulo.mercadolibre.com.ar/MLA-864081982-olla-pochoclera-familiar-tapa-de-vidrio-cuchara-medidora-_JM#position=22&search_layout=stack&type=item&tracking_id=d6df2c27-d963-4f8d-a156-6c60a98f30a7","https://http2.mlstatic.com/D_NQ_NP_612496-MLA42325097564_062020-V.webp","Olla Pochoclera Familiar Tapa De Vidrio + Cuchara Medidora","6999 pesos","6.999","Llega hoy","[object Object]",""
"https://click1.mercadolibre.com.ar/mclics/clicks/external/MLA/count?a=psWcpG%2BuaoIE51NHPtrEly8mo4xFGqaXlJJhxSrKDheIofvxjMFR9OpWe31Y%2BQePc%2Bl6vYt2lJsWvUXsPN1A7cBahLKUB6vHTG4W9U79TBziNbo8oJpi9vluimSZJGg0GWrDhPzVKY5Rk%2B6uVcMKHhh4s1hFAQRrlY5QniiP5EVUWpn9dJRuLqlzy7x42NefK6%2FI14LBef7KILnPpGtEHbTuao4rKz3cs9ynsZGo4GEKIg7LgIVjQxLN1SXQI0yUVneD3mHsMBV8d8i8pNuiII9LUlfOtqrz%2BoBeURGdgkFKVoE0aJ6oXJd%2BupOmmVvj5JUSuAkNYuJWfhirYGfvzg%2BHnW0JK%2F1dLD46RO1NiI8xRG81D%2B7xVaV4mEh%2FrIT7BP%2BWcQSEqVPPJvPEIN69EmCevBCBsuGUYeyX6JVbyOBAuHrcSlP2nmbz1qw3TtaOcnDkrcbp%2BJ3MiMvj4jbAKlvQ1ehJ3BNQdoEAGk6NNjj%2B2pw%2Bvdw2N%2BhjY1p7gAV63zpa%2FTff53SLpR90bTWkxd%2FRS0zG1P7EQddGOmd%2BscOnBtZHAeJApfK6mumMPurOWG4zut0oaFh2p04R1Ta51cbvXwS9XsuEXE3RWk%2Bhy2MswKIswNnnLuI3ICl2svpeA%2FVvUAk35Lsq239DqgUspRjOW0AVxAQnnluBsfb14e4lRWtBHWHQNdnolQ%3D%3D&rb=x","https://http2.mlstatic.com/D_NQ_NP_833893-MLA46595153327_072021-V.webp","Pochocleras Carton Perlado X 500 Unid","5900 pesos","5.900","Llega mañana","","[object Object]"
"https://click1.mercadolibre.com.ar/mclics/clicks/external/MLA/count?a=NcIxDY9XNNp14mvDn7h4V9iGjY%2BmybjqX5YQXh%2FivzKJ2Sk03qx9vAYyaD%2FYGXCxu2bdIBTtTS82J1AuDDlGUeY0YYZ%2ByrtS04hhKsjcHiv2pn0QzxZb1LQvmSg%2FwNuGn7BlCmIFxJGqnL2PMBqrf%2FU5x1Oumjnvs1KiW9hPoyf25xppyoSBTp0tnFR06SIbQdI9IgVIJKBdJqliw%2Fg1bTxE%2Fj8jQnREG4vpZDN9Ipe8Cac0dG1v8%2FKN8rQj131eXzhr%2B7MKbqoVds2zlW0%2BpudDt%2BGrrU3anWBiAIq6Gki02zl%2Bf%2FPiwOPMC8I6qt2ufFfScRf%2Fq6OjNe%2ByYtzSQ%2BUKPzIxQjD7uD9VHEDctalcDHRu0PFs3UvuQE%2BoHITAHRqGVZlSXKp5nZzLmWgxjPeApM8TjR4XUjM%2F7w0lDuDYiydpDQ1msiyE6Ih8RHliqslkqu5opfpeQI6B%2FXBBTuxQkNG6c6qJdYBNVbf2RQXt%2F5nFqjvIZqMfODbNZmNgem8DRzCsZq5vCZi3uh7idQxlyQ%2B5%2BHE2lSkXpERqEt%2Fph6x0mmJYG01DfxVA9i1nRSWUYBG8bklOh8hf25G7YDulOutYCec39RD5Ir3FUcvvCI4EhjkhOAnKkgyPbf6PmVqZW8p3iFqnTimII0rGc8HyuoIglzlElPBw4HHDQyGduw%3D%3D&rb=x","https://http2.mlstatic.com/D_NQ_NP_728004-MLA50773724082_072022-V.webp","Pochoclera Minions Cine 2022","4638 pesos","4.638","Llega hoy","","[object Object]"
"https://articulo.mercadolibre.com.ar/MLA-862993592-pochoclera-marca-yelmo-modelo-po-3700-_JM#position=23&search_layout=stack&type=item&tracking_id=d6df2c27-d963-4f8d-a156-6c60a98f30a7","https://http2.mlstatic.com/D_NQ_NP_612980-MLA45309118924_032021-V.webp","Pochoclera Marca Yelmo Modelo Po-3700","14599 pesos","14.599","Llega gratis hoy","[object Object]",""
"https://articulo.mercadolibre.com.ar/MLA-885040009-olla-pochoclera-familiar-tapa-de-vidrio-y-cuchara-medidora-_JM#position=24&search_layout=stack&type=item&tracking_id=d6df2c27-d963-4f8d-a156-6c60a98f30a7","https://http2.mlstatic.com/D_NQ_NP_772006-MLA47698018201_092021-V.webp","Olla Pochoclera Familiar Tapa De Vidrio Y Cuchara Medidora","10499 pesos","10.499","Llega gratis hoy","[object Object]",""
"https://www.mercadolibre.com.ar/pochoclera-electrica-maquina-pochoclos-sin-aceite-winco-w320/p/MLA19727640#searchVariation=MLA19727640&position=7&search_layout=stack&type=product&tracking_id=d6df2c27-d963-4f8d-a156-6c60a98f30a7","https://http2.mlstatic.com/D_NQ_NP_704922-MLA46415914941_062021-V.webp","Pochoclera Electrica Maquina Pochoclos Sin Aceite Winco W320","6269 pesos","6.269","Llega hoy","[object Object]","[object Object]"
"https://articulo.mercadolibre.com.ar/MLA-1327107826-pochoclera-aluminio-con-2-bowls-y-vaso-medidor-_JM#position=25&search_layout=stack&type=item&tracking_id=d6df2c27-d963-4f8d-a156-6c60a98f30a7","https://http2.mlstatic.com/D_NQ_NP_783632-MLA48808539905_012022-V.webp","Pochoclera Aluminio Con 2 Bowls Y Vaso Medidor","4900 pesos","4.900","Llega hoy","[object Object]",""
"https://articulo.mercadolibre.com.ar/MLA-872459798-olla-pochoclera-familiar-aluminio-5-litros-pochoclos-dulces-_JM#position=26&search_layout=stack&type=item&tracking_id=d6df2c27-d963-4f8d-a156-6c60a98f30a7","https://http2.mlstatic.com/D_NQ_NP_791335-MLA44729567006_012021-V.webp","Olla Pochoclera Familiar Aluminio 5 Litros Pochoclos Dulces","4999 pesos","4.999","Llega hoy","[object Object]",""
"https://articulo.mercadolibre.com.ar/MLA-910003143-pochoclera-electrica-maquina-pochoclos-carrito-winco-w321-ep-_JM#position=27&search_layout=stack&type=item&tracking_id=d6df2c27-d963-4f8d-a156-6c60a98f30a7","https://http2.mlstatic.com/D_NQ_NP_659483-MLA45033437372_022021-V.webp","Pochoclera Electrica Maquina Pochoclos Carrito Winco W321 Ep","10599 pesos","10.599","Llega gratis hoy","[object Object]",""
"https://articulo.mercadolibre.com.ar/MLA-907913477-pochoclera-electrica-winco-w-231-carrito-sin-aceite-original-_JM#position=28&search_layout=stack&type=item&tracking_id=d6df2c27-d963-4f8d-a156-6c60a98f30a7","https://http2.mlstatic.com/D_NQ_NP_890814-MLA44859571919_022021-V.webp","Pochoclera Electrica Winco W-231 Carrito Sin Aceite Original","14896 pesos","14.896","Llega gratis hoy","[object Object]",""
"https://articulo.mercadolibre.com.ar/MLA-868415596-pochoclera-electrica-nostalgia-retro-vintage-popcorn-_JM#position=29&search_layout=stack&type=item&tracking_id=d6df2c27-d963-4f8d-a156-6c60a98f30a7","https://http2.mlstatic.com/D_NQ_NP_745054-MLA42694990747_072020-V.webp","Pochoclera Eléctrica Nostalgia Retro Vintage Popcorn.","18546 pesos","18.546","Llega gratis hoy","[object Object]",""
"https://articulo.mercadolibre.com.ar/MLA-1214851704-maquina-pochoclera-1200w-listo-en-3-minutos-por-aire-_JM#position=30&search_layout=stack&type=item&tracking_id=d6df2c27-d963-4f8d-a156-6c60a98f30a7","https://http2.mlstatic.com/D_NQ_NP_733057-MLA52159603857_102022-V.webp","Maquina Pochoclera 1200w Listo En 3 Minutos Por Aire","4894 pesos","4.894","Llega hoy","[object Object]",""
"https://articulo.mercadolibre.com.ar/MLA-1103902753-pochoclera-familiar-cime-olla-de-aluminio-5l-_JM#position=31&search_layout=stack&type=item&tracking_id=d6df2c27-d963-4f8d-a156-6c60a98f30a7","https://http2.mlstatic.com/D_NQ_NP_825166-MLA47548635031_092021-V.webp","Pochoclera Familiar Cime Olla De Aluminio 5l","4600 pesos","4.600","Llega hoy","[object Object]",""
"https://articulo.mercadolibre.com.ar/MLA-1131172772-pochoclera-electrica-1200w-gadnic-220-v-aire-caliente-_JM#position=32&search_layout=stack&type=item&tracking_id=d6df2c27-d963-4f8d-a156-6c60a98f30a7","https://http2.mlstatic.com/D_NQ_NP_980875-MLA53455925370_012023-V.webp","Pochoclera Electrica 1200w Gadnic 220 V Aire Caliente","9699 pesos","9.699","Llega gratis hoy","[object Object]",""
"https://articulo.mercadolibre.com.ar/MLA-738883250-olla-pochoclera-aluminio-cime-familiar-pochoclos-pop-corn-_JM#position=33&search_layout=stack&type=item&tracking_id=d6df2c27-d963-4f8d-a156-6c60a98f30a7","https://http2.mlstatic.com/D_NQ_NP_661159-MLA46100916700_052021-V.webp","Olla Pochoclera  Aluminio Cime Familiar Pochoclos Pop Corn","4499 pesos","4.499","Llega hoy","[object Object]",""
"https://articulo.mercadolibre.com.ar/MLA-898111146-pochoclera-silicona-olla-pop-corn-para-microondas-4-minutos-_JM#position=35&search_layout=stack&type=item&tracking_id=d6df2c27-d963-4f8d-a156-6c60a98f30a7","https://http2.mlstatic.com/D_NQ_NP_850540-MLA52415451502_112022-V.webp","Pochoclera Silicona Olla Pop Corn Para Microondas 4 Minutos","4340 pesos","4.340","Llega hoy","[object Object]",""
"https://articulo.mercadolibre.com.ar/MLA-1150763779-pochoclera-electrica-maquina-de-pochoclos-carrito-retro-220v-_JM#position=36&search_layout=stack&type=item&tracking_id=d6df2c27-d963-4f8d-a156-6c60a98f30a7","https://http2.mlstatic.com/D_NQ_NP_775056-MLA51058278222_082022-V.webp","Pochoclera Eléctrica Maquina De Pochoclos Carrito Retro 220v","12899 pesos","12.899","Llega gratis hoy","[object Object]",""
"https://articulo.mercadolibre.com.ar/MLA-1137540474-pochoclera-retro-popcorn-maker-blanca-vintage-retro-oferta-_JM#position=37&search_layout=stack&type=item&tracking_id=d6df2c27-d963-4f8d-a156-6c60a98f30a7","https://http2.mlstatic.com/D_NQ_NP_731456-MLA49970093132_052022-V.webp","Pochoclera Retro Popcorn Maker Blanca Vintage Retro Oferta!","10999 pesos","10.999","Llega gratis hoy","[object Object]",""
"https://www.mercadolibre.com.ar/pochoclera-ultracomb-po-2702-aire-caliente-roja-850w-220v/p/MLA15273779#searchVariation=MLA15273779&position=8&search_layout=stack&type=product&tracking_id=d6df2c27-d963-4f8d-a156-6c60a98f30a7","https://http2.mlstatic.com/D_NQ_NP_794570-MLA40164345796_122019-V.webp","Pochoclera Ultracomb PO-2702 aire caliente roja 850W 220V","18690 pesos","18.690","Llega gratis hoy","[object Object]","[object Object]"
"https://articulo.mercadolibre.com.ar/MLA-909518696-pochoclera-pororo-olla-aluminio-con-teflon-36-lts-mta-_JM#position=38&search_layout=stack&type=item&tracking_id=d6df2c27-d963-4f8d-a156-6c60a98f30a7","https://http2.mlstatic.com/D_NQ_NP_908682-MLA49837170752_052022-V.webp","Pochoclera Pororó Olla Aluminio Con Teflón 3.6 Lts. Mta","9899 pesos","9.899","Llega gratis hoy","[object Object]",""
"https://articulo.mercadolibre.com.ar/MLA-828964776-pochoclera-electrica-yelmo-aire-caliente-en-minutos-1200w-_JM#position=39&search_layout=stack&type=item&tracking_id=d6df2c27-d963-4f8d-a156-6c60a98f30a7","https://http2.mlstatic.com/D_NQ_NP_747921-MLA52367730549_112022-V.webp","Pochoclera Eléctrica Yelmo Aire Caliente En Minutos 1200w","9790 pesos","9.790","Llega gratis hoy","[object Object]",""
"https://articulo.mercadolibre.com.ar/MLA-690653374-olla-pochoclera-aluminio-hogarena-para-pochoclos-pop-corn-_JM#position=40&search_layout=stack&type=item&tracking_id=d6df2c27-d963-4f8d-a156-6c60a98f30a7","https://http2.mlstatic.com/D_NQ_NP_609372-MLA47009488621_082021-V.webp","Olla Pochoclera Aluminio Hogareña Para Pochoclos Pop Corn","4257 pesos","4.257","Llega hoy","[object Object]",""
"https://articulo.mercadolibre.com.ar/MLA-689363153-pochoclera-olla-aluminio-ramos-para-pochoclos-pop-corn-_JM#position=41&search_layout=stack&type=item&tracking_id=d6df2c27-d963-4f8d-a156-6c60a98f30a7","https://http2.mlstatic.com/D_NQ_NP_696853-MLA31018211272_062019-V.webp","Pochoclera Olla Aluminio Ramos Para Pochoclos Pop Corn","4838 pesos","4.838","Llega hoy","[object Object]",""
"https://articulo.mercadolibre.com.ar/MLA-908600554-pochoclera-electrica-maquina-pochoclos-sin-aceite-winco-w320-_JM#position=42&search_layout=stack&type=item&tracking_id=d6df2c27-d963-4f8d-a156-6c60a98f30a7","https://http2.mlstatic.com/D_NQ_NP_918915-MLA44908938830_022021-V.webp","Pochoclera Electrica Maquina Pochoclos Sin Aceite Winco W320","6199 pesos","6.199","Llega hoy","[object Object]",""
"https://articulo.mercadolibre.com.ar/MLA-800406818-olla-pochoclera-de-aluminio-5-l-para-pochoclos-dulces-y-salados-medidor-_JM#position=43&search_layout=stack&type=item&tracking_id=d6df2c27-d963-4f8d-a156-6c60a98f30a7","https://http2.mlstatic.com/D_NQ_NP_898141-MLA41415614331_042020-V.webp","Olla Pochoclera De Aluminio 5 L Para Pochoclos Dulces Y Salados + Medidor","3514 pesos","3.514","Llega hoy","[object Object]",""
"https://articulo.mercadolibre.com.ar/MLA-851556348-pochoclera-yelmo-electrica-saceite-en-minutos-1200w-po3700-_JM#position=44&search_layout=stack&type=item&tracking_id=d6df2c27-d963-4f8d-a156-6c60a98f30a7","https://http2.mlstatic.com/D_NQ_NP_891410-MLA53433018575_012023-V.webp","Pochoclera Yelmo Eléctrica S/aceite En Minutos 1200w Po3700","9499 pesos","9.499","Llega gratis hoy","[object Object]",""
"https://articulo.mercadolibre.com.ar/MLA-916236523-olla-pochoclera-antiadherente-jovifel-amalfitana-7-litros-_JM#position=45&search_layout=stack&type=item&tracking_id=d6df2c27-d963-4f8d-a156-6c60a98f30a7","https://http2.mlstatic.com/D_NQ_NP_822593-MLA44139844646_112020-V.webp","Olla Pochoclera Antiadherente Jovifel Amalfitana 7 Litros","12299 pesos","12.299","Llega gratis hoy","[object Object]",""
"https://articulo.mercadolibre.com.ar/MLA-752704998-pochoclera-yelmo-po3700-1200w-sin-grasa-en-4-minutos-_JM#position=46&search_layout=stack&type=item&tracking_id=d6df2c27-d963-4f8d-a156-6c60a98f30a7","https://http2.mlstatic.com/D_NQ_NP_807710-MLA31022054169_062019-V.webp","Pochoclera Yelmo Po3700 1200w Sin Grasa En 4 Minutos","9407 pesos","9.407","Llega gratis hoy","[object Object]",""
"https://articulo.mercadolibre.com.ar/MLA-910002338-pochoclera-electrica-maquina-pochoclos-carrito-winco-w321-to-_JM#position=47&search_layout=stack&type=item&tracking_id=d6df2c27-d963-4f8d-a156-6c60a98f30a7","https://http2.mlstatic.com/D_NQ_NP_671478-MLA45033506878_022021-V.webp","Pochoclera Electrica Maquina Pochoclos Carrito Winco W321 To","11499 pesos","11.499","Llega gratis hoy","[object Object]",""
"https://articulo.mercadolibre.com.ar/MLA-769284993-pochoclera-familiar-popcorn-pochoclos-olla-aluminio-en-caja-_JM#position=48&search_layout=stack&type=item&tracking_id=d6df2c27-d963-4f8d-a156-6c60a98f30a7","https://http2.mlstatic.com/D_NQ_NP_870471-MLA31030556741_062019-V.webp","Pochoclera Familiar Popcorn Pochoclos Olla Aluminio En Caja","3973 pesos","3.973","Llega hoy","[object Object]",""
"https://articulo.mercadolibre.com.ar/MLA-646702916-pochoclera-electrica-con-carrito-facil-uso-estilo-quilmes-_JM#position=49&search_layout=stack&type=item&tracking_id=d6df2c27-d963-4f8d-a156-6c60a98f30a7","https://http2.mlstatic.com/D_NQ_NP_849263-MLA48484923214_122021-V.webp","Pochoclera Electrica Con Carrito Facil Uso Estilo Quilmes","11999 pesos","11.999","Llega gratis hoy","[object Object]",""
"https://articulo.mercadolibre.com.ar/MLA-1133425680-10-cajitas-pochocleras-desartables-color-pastel-cotillon-_JM#position=50&search_layout=stack&type=item&tracking_id=d6df2c27-d963-4f8d-a156-6c60a98f30a7","https://http2.mlstatic.com/D_NQ_NP_739979-MLA49732437272_042022-V.webp","10 Cajitas Pochocleras Desartables Color Pastel Cotillon","850 pesos","850","Llega hoy","[object Object]",""
"https://articulo.mercadolibre.com.ar/MLA-629897526-pochoclera-familiar-de-aluminio-olla-20-cm-pochoclos-cime-tv-_JM#position=51&search_layout=stack&type=item&tracking_id=d6df2c27-d963-4f8d-a156-6c60a98f30a7","https://http2.mlstatic.com/D_NQ_NP_751018-MLA46845286904_072021-V.webp","Pochoclera Familiar De Aluminio Olla 20 Cm Pochoclos Cime Tv","3794 pesos","3.794","Llega hoy","[object Object]",""
"https://articulo.mercadolibre.com.ar/MLA-883709542-olla-pochoclera-tramontina-aluminio-antiadherente-22cm-48-l-_JM#position=52&search_layout=stack&type=item&tracking_id=d6df2c27-d963-4f8d-a156-6c60a98f30a7","https://http2.mlstatic.com/D_NQ_NP_601228-MLA46088656028_052021-V.webp","Olla Pochoclera Tramontina Aluminio Antiadherente 22cm 4,8 L","18589 pesos","18.589","Llega gratis hoy","[object Object]",""
"https://articulo.mercadolibre.com.ar/MLA-1137910727-pochoclera-electrica-pochoclos-aire-caliente-1100w-cine-_JM#position=53&search_layout=stack&type=item&tracking_id=d6df2c27-d963-4f8d-a156-6c60a98f30a7","https://http2.mlstatic.com/D_NQ_NP_830109-MLA50957057194_082022-V.webp","Pochoclera Electrica Pochoclos Aire Caliente 1100w Cine","8599 pesos","8.599","Llega gratis hoy","[object Object]",""
"https://articulo.mercadolibre.com.ar/MLA-908071772-pochoclera-electrica-con-carrito-facil-uso-sin-aceite-_JM#position=54&search_layout=stack&type=item&tracking_id=d6df2c27-d963-4f8d-a156-6c60a98f30a7","https://http2.mlstatic.com/D_NQ_NP_803659-MLA44870401058_022021-V.webp","Pochoclera Electrica Con Carrito Fácil Uso Sin Aceite","12649 pesos","12.649","Llega gratis hoy","[object Object]",""
"https://articulo.mercadolibre.com.ar/MLA-630658546-pochoclera-electrica-con-carrito-facil-uso-estilo-quilmes-_JM#position=55&search_layout=stack&type=item&tracking_id=d6df2c27-d963-4f8d-a156-6c60a98f30a7","https://http2.mlstatic.com/D_NQ_NP_641058-MLA49521564900_032022-V.webp","Pochoclera Electrica Con Carrito Facil Uso Estilo Quilmes","6269 pesos","6.269","Llega hoy","[object Object]",""